Model,Standarization,Best Hyperparameters,Validation MAE,Validation R2,Validation RMSE
KNN,Standard Scaler,Default,311.9185320304017,0.5731130919468399,189780.56798195877
KNN,Robust Scaler,Default,324.5408230184582,0.5387178858877225,205071.60084948098
KNN,MinMax Scaler,Default,334.3164625407166,0.5115156990176499,217164.84235481868
Tree,None,Default,386.6283821932682,0.36605971442330476,281830.0238160695
KNN (HPO),Standard Scaler,"{'knn__leaf_size': 25, 'knn__n_neighbors': 15, 'knn__weights': 'distance'}",308.4349833422852,0.592795994726474,181030.16500968614
Tree (HPO),None,"{'tree__max_depth': 10, 'tree__min_samples_leaf': 23, 'tree__min_samples_split': 13}",338.597121386967,0.5123420940244816,216797.4529811571
